Particle_Number,Dose
0,0.0185051008065577
1,0.0185203002776144
2,0.0184462432979177
3,0.0188212288618749
4,0.0181507529802071
5,0.0183983345245038
6,0.0181149426037839
7,0.018084438913764
8,0.0181269806905045
9,0.018011967237415
10,0.0179669765208853
