Particle_Number,Dose
0,0.036259770686783
1,0.0372145040134046
2,0.0363682121450254
3,0.0373294719408842
4,0.0373295551649861
5,0.0376566305351404
6,0.0371261131964615
7,0.0362068630797402
8,0.0365884318181703
9,0.0377443542406087
10,0.0380158576909834
