Particle_Number,Dose
0,0.0542662845720922
1,0.0553238310043889
2,0.0568944069084454
3,0.0547502166411929
4,0.0557930240715865
5,0.0562456258527154
6,0.0560464583643209
7,0.0555236225345294
8,0.0549581364874676
9,0.0568952574677497
10,0.0542450505555161
