Particle_Number,Dose
0,0.0751932025340711
1,0.0726200776949619
2,0.0743136848771613
3,0.072759268965202
4,0.0752399656674816
5,0.0734251819389676
6,0.072556549132784
7,0.0722882260721364
8,0.0753774011436738
9,0.0746043134235306
10,0.0759701308018338
