Particle_Number,Dose
0,0.0927674793117928
1,0.0918655398757418
2,0.095046344851691
3,0.0949206436773625
4,0.0943318624979247
5,0.0933630445670415
6,0.0913170202987377
7,0.0904528794515654
8,0.093350198909964
9,0.0936553961137901
10,0.0917086326247524
