Particle_Number,Dose
0,0.1090163199668701
1,0.1111808468576154
2,0.1133273527305222
3,0.1139066469974882
4,0.1124177453823572
5,0.110766014463858
6,0.1127782963466196
7,0.1085514265604374
8,0.1108074809536619
9,0.110893827516848
10,0.1105536946350538
