Particle_Number,Dose
0,0.106192252708397
1,0.1023420036709999
2,0.1023948785804478
3,0.1061055834572218
4,0.1425387423968672
5,0.1420873155988512
6,0.1467533171587098
7,0.146411261898484
8,0.1429902651194447
9,0.1423282335701581
10,0.1417665298408761
