Particle_Number,Dose
0,0.1248114723279129
1,0.1216751687572948
2,0.1225697350796381
3,0.1229411933913978
4,0.1269428938394311
5,0.1269371907616402
6,0.1231190273024819
7,0.1244405543183056
8,0.120034275249706
9,0.1188753071696372
10,0.1209297798884068
