Particle_Number,Dose
0,0.1082331704897516
1,0.1069249374670687
2,0.1067121791612837
3,0.1080094020497104
4,0.0940113819838389
5,0.0921371213276577
6,0.0916285621047785
7,0.0935576186568963
8,0.1051282230239708
9,0.1084941897549153
10,0.1081434872809561
