Particle_Number,Dose
0,0.1107975225238273
1,0.1112990794488336
2,0.116108636931839
3,0.110773475216962
4,0.1019813777385381
5,0.1037660783146268
6,0.1034190198881688
7,0.102070949073012
8,0.1206347273148642
9,0.124625921902075
10,0.1193783524093422
