Particle_Number,Dose
0,0.0996406891165953
1,0.0989556089588043
2,0.0963935412827912
3,0.0982971462599511
4,0.0879738000835536
5,0.0888635928662708
6,0.0878846037408766
7,0.0881605342162442
8,0.0889871118691269
9,0.0857047560283004
10,0.0848266402931464
