Particle_Number,Dose
0,0.0951293161086734
1,0.0939144058546843
2,0.094421796488022
3,0.09490915163
4,0.083467792305426
5,0.084079321017477
6,0.0858165098696456
7,0.082029535495723
8,0.0797164192762738
9,0.0805626879570436
10,0.0809924598540594
