Particle_Number,Dose
0,0.0846754361712529
1,0.0814508440484633
2,0.0810201122739316
3,0.0809086300958406
4,0.0751409453853981
5,0.0734957957626767
6,0.0761695878097145
7,0.0750964808726194
8,0.0902756270733741
9,0.0918246212622868
10,0.0880281189761405
