Particle_Number,Dose
0,0.0692451526531653
1,0.0668102711241973
2,0.0672091438688449
3,0.066709414058617
4,0.0841956915076899
5,0.0847459088868884
6,0.0831469057831574
7,0.083248336028781
8,0.086012249155566
9,0.0853684178507573
10,0.087435406643055
