Particle_Number,Dose
0,0.0520185926339615
1,0.0531117638302694
2,0.053439211280284
3,0.0514590312778247
4,0.0639638883039877
5,0.0649634252800048
6,0.0639650946540085
7,0.0666125082816228
8,0.0684639339313139
9,0.0694577032417786
10,0.0709542120333582
