Particle_Number,Dose
0,0.0582627831377908
1,0.0571526602381249
2,0.0598118692079564
3,0.0590363860754657
4,0.0563562036934578
5,0.0548974890417167
6,0.0566043692072959
7,0.0559426070771037
8,0.0655870144823098
9,0.0647957082183268
10,0.0630571421321051
