Particle_Number,Dose
0,0.0603153031127694
1,0.0587446411190844
2,0.0581965239774003
3,0.0580428723009716
4,0.0553745744252429
5,0.053909096129275
6,0.054685125147001
7,0.0551627968598943
8,0.0644074934614973
9,0.0652595582569973
10,0.0626220250258044
