Particle_Number,Dose
0,0.0504965661461998
1,0.0510247237793487
2,0.0499439461821736
3,0.0494736841945448
4,0.0503812604435082
5,0.0522851381265078
6,0.0516187872861318
7,0.0505871638494592
8,0.0533288767104473
9,0.0516502836186413
10,0.0524185803066856
