Particle_Number,Dose
0,0.0530108331020264
1,0.0541508988875462
2,0.0524913790120395
3,0.0542911384598905
4,0.05036428402184
5,0.049883792106012
6,0.0513080180236112
7,0.0510820353961475
8,0.0516626563064845
9,0.0509536387065459
10,0.0519377975944414
