Particle_Number,Dose
0,0.0440980954099792
1,0.0441608507292772
2,0.04389453782734
3,0.0439548265481293
4,0.0524946641352008
5,0.0521417810989691
6,0.0545314196955232
7,0.0520606738031187
8,0.0482126534309194
9,0.0476887927076217
10,0.0486386668551406
