Particle_Number,Dose
0,0.013576021705415
1,0.0118587517233324
2,0.0113616793979173
3,0.011250194296376
4,0.0132463783377485
5,0.0127288286725893
6,0.0115644799270719
7,0.0133806015682424
8,0.0114036054099506
9,0.011721040554498
10,0.0114630102165156
