Particle_Number,Dose
0,0.0020423546987618
1,0.0017434303432414
2,0.00209188309236
3,0.0020966475658765
4,0.0016612819664217
5,0.0021147510497729
6,0.0021365135065764
7,0.0017443824283249
8,0.0011522064854724
9,0.0019229948840714
10,0.0022437553600732
