Particle_Number,Dose
0,0.0097637350134667
1,0.01064886371459
2,0.0115619005574304
3,0.0100914594896591
4,0.0107304955109777
5,0.0095129459317729
6,0.0107172568781448
7,0.0091361459170394
8,0.0113349642868137
9,0.0098772034503673
10,0.0117388205350087
