Particle_Number,Dose
0,0.0096028090890976
1,0.0089297339187422
2,0.0103366537254204
3,0.0098567033424152
4,0.0104442628581493
5,0.0097941994949724
6,0.0105317672446758
7,0.009114388504191
8,0.0092666225407027
9,0.0092215264909095
10,0.0103472565331546
