Particle_Number,Dose
0,0.010102190539393
1,0.0089098442698141
2,0.0103885131545408
3,0.0094699318927339
4,0.0088396145029038
5,0.009796766227418
6,0.0097284963977751
7,0.0081183784520641
8,0.0107817108402386
9,0.0073331015695076
10,0.0090804199897885
