Particle_Number,Dose
0,0.0094999786096354
1,0.0075578216710924
2,0.0088471374670502
3,0.0073205030582814
4,0.0070231121872112
5,0.0090223661191383
6,0.0091623852394
7,0.0087179985493059
8,0.0085065881735225
9,0.0094705129780209
10,0.008689149378605
