Particle_Number,Dose
0,0.0082292174264303
1,0.0083349839329658
2,0.0086744427656104
3,0.0085332670347836
4,0.0088808315706785
5,0.0082386605284126
6,0.0076362307375165
7,0.0083518682038508
8,0.0080404253981241
9,0.0084356298331043
10,0.0080981885067883
