Particle_Number,Dose
0,0.007544550380193
1,0.0093442162134606
2,0.007628880248225
3,0.0082287253757754
4,0.0080845986904663
5,0.0075781403060918
6,0.0082261172367504
7,0.0077901571727266
8,0.0082121348662263
9,0.0075609468307191
10,0.0075751988545279
