Particle_Number,Dose
0,0.008414992919808
1,0.0087821778684189
2,0.0083538869831559
3,0.007604996367813
4,0.0077312030155832
5,0.0080461099092346
6,0.0089825112766149
7,0.0081275440049838
8,0.0076400045592796
9,0.0087195138262134
10,0.0084230094528196
