Particle_Number,Dose
0,0.0078756276551095
1,0.0086531076837542
2,0.0080399670763642
3,0.0079296511696292
4,0.0069562128137888
5,0.0076137732838507
6,0.0071700889531446
7,0.0075008122098689
8,0.0056928568851087
9,0.0078403271748085
10,0.0077852684604426
