Particle_Number,Dose
0,0.0078042020127455
1,0.0066643159115489
2,0.0074010385088298
3,0.0078363388800031
4,0.0085380501504866
5,0.0069922086960525
6,0.0070611557262975
7,0.0076345326316117
8,0.0079109662155414
9,0.0083117424892415
10,0.0069320479650619
