Particle_Number,Dose
0,0.0077676366857031
1,0.0070882870527662
2,0.0078441243785192
3,0.0077388016479584
4,0.0072728538083473
5,0.0076013207445788
6,0.0063467075511643
7,0.0074610887166603
8,0.0076013016654552
9,0.0077219435428794
10,0.0078268411414296
