Particle_Number,Dose
0,0.0076165835606339
1,0.0073724866925277
2,0.0079660320142526
3,0.0082961929253147
4,0.0068183857383192
5,0.0079120319172843
6,0.0073842267079616
7,0.0069645540897597
8,0.006640579033746
9,0.0079731972569033
10,0.0076326419819659
