Particle_Number,Dose
0,0.0349243472821008
1,0.0348093202185698
2,0.0344913969271561
3,0.0341923156735313
4,0.052432504646439
5,0.0523162104721514
6,0.0520537124930522
7,0.0511263819641987
8,0.0544015550660309
9,0.0548767531905841
10,0.0548568135817034
