Particle_Number,Dose
0,0.0308788673724064
1,0.0320157446942691
2,0.0306574243764378
3,0.0319960778666058
4,0.0446453356750188
5,0.0445795039185
6,0.0455550462921632
7,0.0452009100917741
8,0.0457099367933437
9,0.0444517163312991
10,0.0441123196342477
