Particle_Number,Dose
0,0.0460150193892135
1,0.0462997077113158
2,0.0459025110032406
3,0.045518174124626
4,0.0427623316544295
5,0.0418702559528495
6,0.0424655936516827
7,0.0429880320816048
8,0.0399462543448827
9,0.040325413403752
10,0.0399632294928464
