Particle_Number,Dose
0,0.0456931970575648
1,0.0437439152032989
2,0.0448937814253099
3,0.0440331245509656
4,0.0430294256370839
5,0.0440446554749137
6,0.0446184874368351
7,0.0432560190402436
8,0.0388556407751344
9,0.0379380467154674
10,0.0393956675691081
