Particle_Number,Dose
0,0.0382569772298031
1,0.0387890549331437
2,0.0372611849389609
3,0.037512814035283
4,0.0435912134425623
5,0.0437330031963466
6,0.042634229253932
7,0.0423615291935614
8,0.0436494438747256
9,0.0438021172656461
10,0.0441428245220882
