Particle_Number,Dose
0,0.0431676291749585
1,0.0420709479361834
2,0.0424405225541108
3,0.0430165300302357
4,0.0389023299991235
5,0.0386696292939172
6,0.0380188384936908
7,0.0392593093602895
8,0.0389412296666935
9,0.039149230705069
10,0.0377315039338754
