Particle_Number,Dose
0,0.0370247476036976
1,0.0384130007389144
2,0.0375241621273377
3,0.0383692910182073
4,0.0346301157269315
5,0.0346619932171189
6,0.034585723373424
7,0.0334424499452788
8,0.0280829866681126
9,0.0288226293942845
10,0.0286618143109221
