Particle_Number,Dose
0,0.0321014180095451
1,0.0318508077580302
2,0.0316312815521448
3,0.0309756050384927
4,0.0338872989943795
5,0.0337428807372647
6,0.0329328939794542
7,0.0337579268724212
8,0.0361974888730532
9,0.0350781006305668
10,0.034996975375273
