Particle_Number,Dose
0,0.0330737211793942
1,0.0327373752002191
2,0.0339404662470845
3,0.0334068359393606
4,0.0338654418806784
5,0.0350444683868469
6,0.0341107174309669
7,0.0341094863521812
8,0.0342333943470919
9,0.0334797563314413
10,0.0333349333067733
