Particle_Number,Dose
0,0.0053351710174634
1,0.0060934465675967
2,0.0061462428469479
3,0.0067275657777433
4,0.0073541020920063
5,0.0057424407353493
6,0.0071292956146944
7,0.0079033224498042
8,0.0060860334172524
9,0.0066655863898876
10,0.0074316086559207
