Particle_Number,Dose
0,0.0063420404759382
1,0.0053329149714358
2,0.0056360312705949
3,0.0051588187609957
4,0.0063950967914581
5,0.0062266903837345
6,0.0051256208162148
7,0.0063451761259013
8,0.0065778148884901
9,0.0055053685469779
10,0.0063121566232358
