Particle_Number,Dose
0,0.0050997938310081
1,0.0059435016267228
2,0.0057047221620485
3,0.0059692286774966
4,0.005614211007803
5,0.0061342272533354
6,0.0060811303258483
7,0.0062667427389992
8,0.0054846349475009
9,0.0065537796880789
10,0.0061632275438127
