Particle_Number,Dose
0,0.005425981433417
1,0.0053057949384189
2,0.0048462453690636
3,0.0051526399180244
4,0.0055708274297491
5,0.0053238179531402
6,0.0049973174578945
7,0.004925782471042
8,0.0045483382141878
9,0.0051447214456466
10,0.0051737019650855
