Particle_Number,Dose
0,0.0051397595403184
1,0.0055077632049575
2,0.0054585054472093
3,0.0049714873464605
4,0.0050937147063916
5,0.0049798436751608
6,0.0046719770398597
7,0.0052601360240897
8,0.0049004406399561
9,0.0054256964433
10,0.0053356024329007
