Particle_Number,Dose
0,0.0049840606377193
1,0.0052502756445709
2,0.0052439914748999
3,0.0051516537853954
4,0.0049340176420884
5,0.0047491944484451
6,0.0047474985699377
7,0.0046796178571102
8,0.0044988521781051
9,0.0050980502771034
10,0.0053049023725639
