Particle_Number,Dose
0,0.0046266389142614
1,0.0048587547057491
2,0.0050610249300677
3,0.004151077285265
4,0.0049129747094259
5,0.0047722496301859
6,0.0043608287978157
7,0.0051716568134397
8,0.0046875121256758
9,0.0038944738742891
10,0.0045616373236411
