Particle_Number,Dose
0,0.0045961558472932
1,0.0047630444596949
2,0.0045664856485208
3,0.004325547140267
4,0.0045510694846133
5,0.0052290387497283
6,0.0050080430387744
7,0.0046850381013941
8,0.0047559292700513
9,0.0048935247488875
10,0.0046837747372533
