Particle_Number,Dose
0,0.004787728894653
1,0.0046077057033193
2,0.0044759685666731
3,0.0043598986459095
4,0.0044710620362968
5,0.0045565402547098
6,0.0049629582055879
7,0.0046290805094932
8,0.0042872654786559
9,0.0049950343865625
10,0.0038060269989496
