Particle_Number,Dose
0,0.0043717556636092
1,0.0045933098397729
2,0.0046036598142476
3,0.0045393723306759
4,0.0049354267776092
5,0.0044748762807921
6,0.0046304652572599
7,0.0045205713387234
8,0.004928087879362
9,0.0048535142708765
10,0.004151601345542
