Particle_Number,Dose
0,0.0044502118785579
1,0.0040886847031948
2,0.0044085017847901
3,0.0046228104199323
4,0.0047606302927354
5,0.0044064470543239
6,0.0044458871514078
7,0.0041918125915927
8,0.0038154189495105
9,0.0047548360148383
10,0.0036191514618139
