Particle_Number,Dose
0,0.0049032919786087
1,0.004614240566922
2,0.0047129303366644
3,0.0047816895539994
4,0.0046424587739224
5,0.0044012309501752
6,0.0044292688284122
7,0.0048786239700392
8,0.0047653095471288
9,0.0045202752067248
10,0.0044098149727391
