Particle_Number,Dose
0,0.0041107904906222
1,0.0046568622707922
2,0.004137453544556
3,0.0040533798070671
4,0.0042594809681349
5,0.0045190559438379
6,0.0045243033315881
7,0.0047871630301904
8,0.0044198363506564
9,0.0046249515994036
10,0.0048300358545389
