Particle_Number,Dose
0,0.0046692791134194
1,0.004610452402031
2,0.0041345296528024
3,0.0048095577398478
4,0.0038568430364321
5,0.0047877102859528
6,0.0047911927360143
7,0.0049096181291055
8,0.0037856751116889
9,0.0044769102063154
10,0.0047329127737316
