Particle_Number,Dose
0,0.0369868237823868
1,0.0367033062526786
2,0.036381162436342
3,0.0355501136948148
4,0.0311678327618301
5,0.0314171454923699
6,0.0318967636420467
7,0.0318148401908618
8,0.0276655345783618
9,0.0274815186269939
10,0.0270548760846595
