Particle_Number,Dose
0,0.0333295397572009
1,0.0321568147399619
2,0.0322401037183132
3,0.032253403172075
4,0.0331724297332346
5,0.0328755271271384
6,0.0318399842812775
7,0.0318514449898436
8,0.0350441957605642
9,0.0351176059521998
10,0.035339380087942
