Particle_Number,Dose
0,0.0268386595494824
1,0.0276620679442214
2,0.0273446492359264
3,0.0268621058522309
4,0.0307831549344569
5,0.0312165147873065
6,0.0309023737835881
7,0.0303344799953949
8,0.0287165037797956
9,0.0280663858929879
10,0.0287299027343589
