Particle_Number,Dose
0,0.024901027509996
1,0.024178871467262
2,0.0248030108890687
3,0.0240664976509503
4,0.0303646495402987
5,0.0308297043235752
6,0.0302726710188304
7,0.0313502534992434
8,0.0283899634929555
9,0.0283999623729319
10,0.0289675203834411
