Particle_Number,Dose
0,0.0284905195603043
1,0.0276203967026515
2,0.0278976898462263
3,0.0273989597259832
4,0.0242333536638397
5,0.0251412697858818
6,0.0244863467137468
7,0.0241458732630881
8,0.0253998498514911
9,0.025008883364032
10,0.0256782949435012
