Particle_Number,Dose
0,0.003910436086728
1,0.0033475280031708
2,0.0042203799779688
3,0.0044195656075504
4,0.0042181581616479
5,0.0040701179215579
6,0.0039945682518902
7,0.0041568465548054
8,0.0038905373663157
9,0.0040510598968905
10,0.0040738391710893
