Particle_Number,Dose
0,0.004210688150774
1,0.0039578367655834
2,0.0039804705700035
3,0.0041789438717517
4,0.0040217939613909
5,0.0040562106833524
6,0.0039931434178128
7,0.003950923575055
8,0.0041762785096445
9,0.0038280095372912
10,0.0038602858836963
