Particle_Number,Dose
0,0.0042541649653959
1,0.0034796307378694
2,0.0038814246701975
3,0.0039216620404121
4,0.0038171013431409
5,0.004022922296971
6,0.0038050102719598
7,0.0039568628554088
8,0.0042865159902299
9,0.0041772208156707
10,0.003929067610499
