Particle_Number,Dose
0,0.0037948098020608
1,0.0038027294112609
2,0.0040923606899064
3,0.0038572213539906
4,0.0033695204458377
5,0.0039638270141264
6,0.0038250976589846
7,0.0037387866839487
8,0.0040235481830053
9,0.0038529771844755
10,0.0035477845696922
