Particle_Number,Dose
0,0.0033144735049309
1,0.0043399204081087
2,0.0042921810433266
3,0.003751169618117
4,0.0043096071278545
5,0.0040032945049666
6,0.0040954511748078
7,0.0046466620677425
8,0.0041420029675954
9,0.0039614023034251
10,0.0037800263784239
