Particle_Number,Dose
0,0.0042072722513955
1,0.0042074400292978
2,0.0042588601832531
3,0.0039196528501433
4,0.0042034184925275
5,0.0043396861452498
6,0.0043473386041078
7,0.0038756783389964
8,0.0040361670391215
9,0.0037104448810897
10,0.0042444329052754
