Particle_Number,Dose
0,0.0043714674326307
1,0.0043679992094479
2,0.0039538553668998
3,0.0041831221162627
4,0.0045000118078082
5,0.0048376209501947
6,0.0044142269880091
7,0.0039587798547127
8,0.0041862581953612
9,0.0041908996615098
10,0.0042762098491825
