Particle_Number,Dose
0,0.0046764414133162
1,0.0039428619468838
2,0.0041895374952225
3,0.0042365930125623
4,0.0040609069957439
5,0.0037080497258602
6,0.0045170404121137
7,0.003966179817326
8,0.0041390146077003
9,0.0038327506503366
10,0.0038671998881072
