Particle_Number,Dose
0,0.0049446568769519
1,0.0044806387044009
2,0.0043507716073851
3,0.0045176651446034
4,0.0042266328075944
5,0.0054835123495364
6,0.004250819092122
7,0.0041005857768794
8,0.0046023686172774
9,0.004592876933228
10,0.0042576712104403
