Particle_Number,Dose
0,0.0048130982273115
1,0.0045742982563683
2,0.0047997790195701
3,0.0044312847832209
4,0.0047051156059539
5,0.004243393640055
6,0.0047547941896967
7,0.0050139177901834
8,0.0044042500358465
9,0.0041071356668969
10,0.0040495133534219
