Particle_Number,Dose
0,0.0271133779601162
1,0.0280891543838754
2,0.0276511194615004
3,0.027152143450965
4,0.0254425965246211
5,0.0258365691120162
6,0.0258773387686903
7,0.0250583216996888
8,0.0267760513395203
9,0.0265269294591385
10,0.0273780676224086
