Particle_Number,Dose
0,0.0252907189619661
1,0.0258553917917938
2,0.0252835582183502
3,0.0253517730187228
4,0.0247691445534532
5,0.0240937056195551
6,0.0250015170676831
7,0.0240919414881944
8,0.0274764500247408
9,0.0271527253336375
10,0.0268896781385189
