Particle_Number,Dose
0,0.0226717636857765
1,0.0232497058626788
2,0.0232562581417496
3,0.0222095469639622
4,0.0233449291319549
5,0.023979464457833
6,0.0243798997331674
7,0.0245074106009476
8,0.0293805987144781
9,0.0295906957420608
10,0.0295261092761644
