Particle_Number,Dose
0,0.0250653563687863
1,0.0252863017081805
2,0.0249129089333232
3,0.02528765251578
4,0.0248474311139702
5,0.024793367587865
6,0.0240416538405314
7,0.0244132842552627
8,0.0266760691915633
9,0.026966689950158
10,0.0270657918224859
