Particle_Number,Dose
0,0.0230976410629788
1,0.0223574039835427
2,0.0226630565247817
3,0.0224241744534795
4,0.0205463416816161
5,0.0207976264885374
6,0.0206236785713767
7,0.0202949923839892
8,0.0216124438748434
9,0.0206723076400023
10,0.0206584397244789
