Particle_Number,Dose
0,0.0249420668767273
1,0.0251511752780268
2,0.0254617975870633
3,0.0244449986102824
4,0.0280718068092363
5,0.0270788975675227
6,0.0270316846070005
7,0.0278877081532848
8,0.0228482089222596
9,0.0218242663131592
10,0.022244044065628
