Particle_Number,Dose
0,0.0238648466800098
1,0.0233724480614468
2,0.0234678797158788
3,0.0241153069761604
4,0.0262720433012184
5,0.0265771861068221
6,0.0264092132828987
7,0.0254235928340265
8,0.022309757603022
9,0.0221165338754959
10,0.0219723151026872
