Particle_Number,Dose
0,0.0039531301182297
1,0.004234301189977
2,0.0044080634294176
3,0.0046419305870586
4,0.0040139928646737
5,0.0043539645740046
6,0.00413643276875
7,0.004344570622786
8,0.0045661177648734
9,0.0039358636111465
10,0.0043624868647279
