Particle_Number,Dose
0,0.0037737779596044
1,0.0036652712009358
2,0.0036859780152623
3,0.0040642740885025
4,0.0036778390300968
5,0.004154895464848
6,0.003463151752983
7,0.0037644513965114
8,0.0027924266764438
9,0.0034844865355685
10,0.0042336633847269
