Particle_Number,Dose
0,0.0035684970804569
1,0.003261887463912
2,0.0031962065038612
3,0.0036419504499396
4,0.003692321636971
5,0.0033271623562701
6,0.0033794285887132
7,0.0039269927516926
8,0.0036255399848312
9,0.0031680942950973
10,0.0036619654151014
