Particle_Number,Dose
0,0.0036110922159782
1,0.0032147828481265
2,0.0033944985452709
3,0.0034067778122325
4,0.0038277475216917
5,0.0035228758702052
6,0.0040364563862985
7,0.0033206133301771
8,0.0031987059647975
9,0.0039367009574214
10,0.0024229369926048
