Particle_Number,Dose
0,0.0034136113994194
1,0.0031600988017688
2,0.0037093999700682
3,0.0034531473876671
4,0.0031297634212729
5,0.0039749796174296
6,0.0042598837921574
7,0.0038436534922998
8,0.0039045011275034
9,0.0034076064390161
10,0.0036746221279021
