Particle_Number,Dose
0,0.00330880598238
1,0.002774173540861
2,0.0031446098802207
3,0.0034053041687066
4,0.0034133355312516
5,0.0030358988839404
6,0.0032028885663697
7,0.0033890287190333
8,0.0033838721862912
9,0.0035701855877052
10,0.0034603952708606
