Particle_Number,Dose
0,0.0036569621754413
1,0.0028002076602679
2,0.0033643232519577
3,0.0034311422279515
4,0.0031377849230688
5,0.0034105174202274
6,0.0034925007308126
7,0.0030948263747588
8,0.0034330502144765
9,0.0036337803452685
10,0.0038293357487838
