Particle_Number,Dose
0,0.0028051445475541
1,0.0033463276196018
2,0.0032108052206125
3,0.0031354248415685
4,0.0035600178256013
5,0.0035180808888734
6,0.003282342263419
7,0.0033483833738561
8,0.0032001744390382
9,0.0034242092231157
10,0.00324958401972
