Particle_Number,Dose
0,0.0036102970890888
1,0.0034583648750715
2,0.0029252496215905
3,0.0031055026078763
4,0.0035518164847674
5,0.0032826049910235
6,0.002832599708938
7,0.0035884086094856
8,0.0031458165883332
9,0.0033928929467024
10,0.0027833222759262
