Particle_Number,Dose
0,0.0029527556628251
1,0.0033745062137486
2,0.0028310311625861
3,0.0031255388312339
4,0.0030085949158857
5,0.0030104058224337
6,0.0031083568414535
7,0.0030994541584756
8,0.0035182605082503
9,0.0035543026687845
10,0.0031041750369406
