Particle_Number,Dose
0,0.0028436549369038
1,0.0032951277780371
2,0.003370509380287
3,0.0035389747725507
4,0.0035525867087711
5,0.0035495387506108
6,0.0033790091173916
7,0.0035200272955551
8,0.0031891167355881
9,0.0037373123036415
10,0.0034465810917183
