Particle_Number,Dose
0,0.0243338187929148
1,0.024370998242783
2,0.0248340539294174
3,0.0237970228808749
4,0.0265794398292279
5,0.0252821188147087
6,0.0260449568215212
7,0.0260905218332392
8,0.0210166345188793
9,0.020862631526543
10,0.0214369813366681
