Particle_Number,Dose
0,0.0265070514377936
1,0.0264969271864051
2,0.0255628577281665
3,0.0258655643312559
4,0.0208773258818135
5,0.0208802691113023
6,0.0205714899459527
7,0.0205756791249624
8,0.0243761506856471
9,0.0237949167990222
10,0.0238893500332114
