Particle_Number,Dose
0,0.0204014655210921
1,0.0208446600354161
2,0.0204276389430518
3,0.0207669093633482
4,0.0243523708440993
5,0.0245515742923812
6,0.0254010886352262
7,0.0247890778770466
8,0.0251225726298217
9,0.0257284265718744
10,0.0247228740677189
