Particle_Number,Dose
0,0.0196331317895163
1,0.0205543279210428
2,0.020228381499964
3,0.0203089688181605
4,0.020421660399417
5,0.0207466155810191
6,0.0207015862323671
7,0.0202515000229045
8,0.02342849928759
9,0.0235643858421557
10,0.0224618513041138
