Particle_Number,Dose
0,0.0233274327047852
1,0.0235337829989348
2,0.0234070489425226
3,0.0235893580294334
4,0.0254713248255765
5,0.0256659889842763
6,0.0247619393797551
7,0.0257650456029567
8,0.0212250384389127
9,0.0215373410862451
10,0.021919434102641
