Particle_Number,Dose
0,0.0034843113954643
1,0.0035139293298639
2,0.0035318238025307
3,0.003362380519718
4,0.0034316019539232
5,0.0033040977502077
6,0.0033110779320618
7,0.0035484810469075
8,0.0027810385903699
9,0.0031930538375056
10,0.0034415673437381
