Particle_Number,Dose
0,0.0031985078329277
1,0.0038294091670161
2,0.003374900189728
3,0.0032104181027958
4,0.0037247349288145
5,0.0033166780894217
6,0.0033404405022568
7,0.0033923774473388
8,0.0031855796656389
9,0.0035854895260695
10,0.0034596963060356
