Particle_Number,Dose
0,0.0031552223713363
1,0.0032298247654416
2,0.0031215325735304
3,0.0027986956444002
4,0.0032672198114324
5,0.0030668030531931
6,0.0031563716360301
7,0.0030548034775613
8,0.0033104729346564
9,0.0030907117630208
10,0.0036802320065851
