Particle_Number,Dose
0,0.0031310246758029
1,0.0038277560729281
2,0.0036901756517217
3,0.0028179169299306
4,0.0033482919350155
5,0.0034240718775652
6,0.0031848518856911
7,0.0028121532764531
8,0.0025779222219208
9,0.0036970494240742
10,0.0027927889163408
