Particle_Number,Dose
0,0.0032096294966278
1,0.0033116060426094
2,0.0034018113376505
3,0.0034235765964996
4,0.0032874120980768
5,0.0032709475187613
6,0.003531407113538
7,0.0041039638773958
8,0.0034985601860694
9,0.0036354035684477
10,0.0034299232784733
