Particle_Number,Dose
0,0.0025163939098687
1,0.0033247272899093
2,0.0028622836941718
3,0.0031983087945645
4,0.0029910807241114
5,0.0031228470961353
6,0.0033251044053647
7,0.0028782664597129
8,0.002604960839617
9,0.0029816919766061
10,0.0031153521689233
