Particle_Number,Dose
0,0.0027974729923046
1,0.0026997750743468
2,0.0031945327839817
3,0.0027777429052718
4,0.003024492979571
5,0.0031767331372264
6,0.0030730728656896
7,0.0029671762859091
8,0.0027666579258768
9,0.0027226801902705
10,0.0027917728774336
