Particle_Number,Dose
0,0.0025202165263417
1,0.0025881891976459
2,0.0032535380940577
3,0.0034072352112952
4,0.0033636839667539
5,0.00329182125051
6,0.0025678552860224
7,0.0033791052560642
8,0.0033506414513548
9,0.0027912934791202
10,0.0032046931797634
