Particle_Number,Dose
0,0.0032957715482111
1,0.0028940604749069
2,0.0032381735097665
3,0.0026678252509519
4,0.0032755166492499
5,0.0030690705926756
6,0.0027972703661997
7,0.003091748824516
8,0.002489615184363
9,0.0025181300963935
10,0.0024958902056109
