Particle_Number,Dose
0,0.0025245069014584
1,0.0025963182044644
2,0.0025781955508956
3,0.0024224384298188
4,0.00249195186152
5,0.0026341361731638
6,0.0024002060126554
7,0.0022057778839087
8,0.0027036368215445
9,0.0022859926260266
10,0.0027724972680021
