Particle_Number,Dose
0,0.0194232003180089
1,0.0192435806146415
2,0.0193407345461435
3,0.0198294142572511
4,0.0195196984152123
5,0.0201577466900973
6,0.0199957247712594
7,0.0192629313705161
8,0.0182572139979856
9,0.0184191537549999
10,0.0183671132129395
