Particle_Number,Dose
0,0.0209716189989024
1,0.018747914482217
2,0.0158357472264653
3,0.0206309484520883
4,0.0211852225306192
5,0.0166139477504534
6,0.0180241849949695
7,0.0199011454251611
8,0.0218829188544912
9,0.0192736852118195
10,0.0211935739510636
