Particle_Number,Dose
0,0.01760265387858
1,0.0179798937008177
2,0.018836035889938
3,0.01867714298651
4,0.0177393093847847
5,0.0178736126648263
6,0.0155746585269152
7,0.0169644440347929
8,0.0159070442579334
9,0.0119769990526938
10,0.0167642326637194
