Particle_Number,Dose
0,0.0205789022514687
1,0.0177137119408319
2,0.0169311885154784
3,0.0178042373589711
4,0.0188757097049764
5,0.016235343491637
6,0.020829242692546
7,0.0201695747210645
8,0.0159730866171396
9,0.0132624163358809
10,0.0172476170681056
