Particle_Number,Dose
0,0.0167555700738744
1,0.0165462042566441
2,0.0110463400785531
3,0.0185766300571325
4,0.0171048198365551
5,0.0163124762094208
6,0.0199710064619376
7,0.0199809370689132
8,0.0181617438018278
9,0.0162780575953747
10,0.0173319834820181
