Particle_Number,Dose
0,0.0021391283757982
1,0.0021697037211808
2,0.0025060449583194
3,0.0022636709063499
4,0.0023458493024007
5,0.0021815317030834
6,0.002373243518039
7,0.0026059509643376
8,0.0022552794364309
9,0.002252100455477
10,0.0022291299860886
