Particle_Number,Dose
0,0.0025335313296428
1,0.0026137837014356
2,0.0024514192339133
3,0.002430017277067
4,0.0022358877212978
5,0.0025352325999127
6,0.0024946837871269
7,0.0022269321871857
8,0.0022930324829932
9,0.0024417591227003
10,0.0022503292880767
