Particle_Number,Dose
0,0.0022496055825021
1,0.0022384309971071
2,0.0022238855010889
3,0.0020920022532408
4,0.0025245049025224
5,0.0025279982044832
6,0.0022182989010551
7,0.0025071557475739
8,0.0021470813968198
9,0.002574364479274
10,0.0023343754208837
