Particle_Number,Dose
0,0.0024500675814046
1,0.0024075045378754
2,0.0020614957349811
3,0.0026410675610133
4,0.0021684353683298
5,0.0026074301131621
6,0.0023508040978437
7,0.0026026962782652
8,0.0023002712875575
9,0.0023697178442249
10,0.0024131389208863
