Particle_Number,Dose
0,0.0023871761810863
1,0.0024190367563842
2,0.0024167959248381
3,0.0026279957901698
4,0.002500005317933
5,0.0021761700963647
6,0.0019533669737589
7,0.0024285382545922
8,0.0024491363044911
9,0.0022685976073427
10,0.0023410394554937
