Particle_Number,Dose
0,0.0022114224636718
1,0.0024876634719084
2,0.0024056673700558
3,0.0022003965880637
4,0.002408955274766
5,0.0025606476828041
6,0.0022369231251557
7,0.0023586045417292
8,0.0021641130696201
9,0.0025730533217616
10,0.0025042773477156
