Particle_Number,Dose
0,0.0021693586556054
1,0.0025212085990385
2,0.0024436332561456
3,0.0024260755421347
4,0.0026327849383483
5,0.0026419551296784
6,0.0024715342695739
7,0.0023334918951383
8,0.0021506771372411
9,0.0021687184252766
10,0.0026769710957178
