Particle_Number,Dose
0,0.0027663024006029
1,0.0022450445208422
2,0.0020957845324809
3,0.002602446657749
4,0.002200725006135
5,0.0026489433672301
6,0.0024943300786389
7,0.0023150877474882
8,0.0024404460764527
9,0.0025393954933175
10,0.0022234944746521
