Particle_Number,Dose
0,0.0025592871471868
1,0.0024048444112012
2,0.0025889177080209
3,0.0025460453978295
4,0.0023154515640186
5,0.0022213176946862
6,0.0024358895965008
7,0.0022381374881065
8,0.0025384017137665
9,0.0028623520764728
10,0.0025368730381455
