Particle_Number,Dose
0,0.0166007934066043
1,0.015500843074788
2,0.0184018696078455
3,0.0175749732430973
4,0.0188299136418505
5,0.0180569225050922
6,0.0153307116157054
7,0.0182880919121829
8,0.0138700510256828
9,0.0147765438120217
10,0.0154752241037156
