Particle_Number,Dose
0,0.0183117186060667
1,0.0116269124530986
2,0.0144067161310776
3,0.0162475257367117
4,0.0109131279309972
5,0.0150508500637892
6,0.0154370008110236
7,0.0201243047718307
8,0.0164726750707213
9,0.0150214953439902
10,0.0123491424566509
