Particle_Number,Dose
0,0.0164036524396654
1,0.0163802347920507
2,0.0162658617141903
3,0.0194873974937881
4,0.0184720723744236
5,0.0149302646545862
6,0.0159917983120778
7,0.0176895826723977
8,0.0170861843979095
9,0.0173880118959769
10,0.0165507430333802
