Particle_Number,Dose
0,0.0117456337562303
1,0.0133846217309122
2,0.0181616347052453
3,0.0173124657903929
4,0.0180506368798681
5,0.0181171431713667
6,0.0125488068371233
7,0.0154679014503427
8,0.0178170468124535
9,0.0149164460048623
10,0.0175061784452785
