Particle_Number,Dose
0,0.0155348657036561
1,0.0169783944829553
2,0.0143065639271758
3,0.0152976901327968
4,0.015386631778229
5,0.013646816953368
6,0.0149139199671269
7,0.0118380155192138
8,0.0137656539799878
9,0.0156128089368495
10,0.0165676277495913
