Particle_Number,Dose
0,0.014158289666882
1,0.0154518092303506
2,0.0169026859507304
3,0.0142220028608268
4,0.0173951237831829
5,0.0160178565483186
6,0.0130426488441435
7,0.0174321436673002
8,0.0155991104520752
9,0.0150262670396987
10,0.0154397907804444
