Particle_Number,Dose
0,0.0020388453137938
1,0.0022108309054258
2,0.0025792394608609
3,0.00220043131189
4,0.0022856212031281
5,0.0023075514730368
6,0.0027310523982869
7,0.0022139164027207
8,0.0027082835699932
9,0.0024088771196
10,0.00253361121643
