Particle_Number,Dose
0,0.0032155979066797
1,0.0030088913336501
2,0.0029853452946848
3,0.0030811854779554
4,0.0027881066609603
5,0.0025890090757061
6,0.0029474958847791
7,0.0027232100408243
8,0.0026134104327643
9,0.0025902223564256
10,0.0026264500829312
