Particle_Number,Dose
0,0.0026435882214097
1,0.0021858766371989
2,0.0023549721253085
3,0.0023074113052605
4,0.0023910846938239
5,0.0026431367351422
6,0.0020936220878919
7,0.0022672813356222
8,0.0024679134884383
9,0.0022683882064165
10,0.0023606549946058
