Particle_Number,Dose
0,0.0023508745044072
1,0.0021881040680998
2,0.0022041241047494
3,0.0023026490132055
4,0.0021513245265456
5,0.0024592475575453
6,0.0022633099226207
7,0.0021489848432946
8,0.0025160515983484
9,0.0021940707730097
10,0.0026746520342639
