Particle_Number,Dose
0,0.002082301504646
1,0.0024680166623533
2,0.0025747733354297
3,0.0023062198101511
4,0.0024643762570283
5,0.002395302116627
6,0.0019998565467085
7,0.0022912196610144
8,0.0025583792135923
9,0.00238756740076
10,0.0024530358541424
