Particle_Number,Dose
0,0.0025464072265891
1,0.0024668077594821
2,0.0026572770118725
3,0.0023732317290958
4,0.0021975528586155
5,0.0022039945058147
6,0.0025055687001696
7,0.0025331572979063
8,0.0023905398333618
9,0.0024556716082093
10,0.0025583209671608
