Particle_Number,Dose
0,0.0023711292395562
1,0.0019689810294851
2,0.0024815755423738
3,0.0021654403521114
4,0.0019863012223552
5,0.0023103913325232
6,0.0022343092704565
7,0.0022016508878003
8,0.00192392331499
9,0.0020405355120522
10,0.0020747739172074
