Particle_Number,Dose
0,0.0022344021255654
1,0.0024606442395222
2,0.0022261332429039
3,0.0023137809724513
4,0.0023037064352153
5,0.0024821507081197
6,0.0023603600653106
7,0.0023484314735228
8,0.0021956585553249
9,0.0020307659546965
10,0.0022541679311009
