Particle_Number,Dose
0,0.0020071780771464
1,0.0021819811566282
2,0.0022202070682992
3,0.002253582195701
4,0.0020170041459096
5,0.002607623038231
6,0.00228622058425
7,0.0022975427048524
8,0.0021714114850316
9,0.002005777207178
10,0.0022745052387304
