Particle_Number,Dose
0,0.0022916020811307
1,0.0025197273858855
2,0.0024180462640053
3,0.002620503444345
4,0.0025633451490875
5,0.0027437085365653
6,0.0022326703035465
7,0.0025267337747728
8,0.0019553648016245
9,0.0027357200877062
10,0.002458717863289
