Particle_Number,Dose
0,0.0133467113238567
1,0.0135270389425712
2,0.0135175496698622
3,0.0151685567814778
4,0.0138458581495631
5,0.0115676703832169
6,0.0144765390175374
7,0.0149730980041916
8,0.0104181491287638
9,0.0165559752294328
10,0.0134932405265977
