Particle_Number,Dose
0,0.017887044823848
1,0.0173986417221639
2,0.0145194027056756
3,0.015917487696494
4,0.0156780179043318
5,0.0143766864395789
6,0.0153715135696642
7,0.0157545324398791
8,0.0144513200858348
9,0.018132738115715
10,0.0104815900540807
