Particle_Number,Dose
0,0.0171919582746923
1,0.015841709297136
2,0.0140779495445748
3,0.0148615978605211
4,0.0125608643026626
5,0.0174733536815396
6,0.0131950745185658
7,0.0158906648689601
8,0.0113230532645761
9,0.0143042573372278
10,0.0148924873278952
