Particle_Number,Dose
0,0.0140624364182315
1,0.0150836883134575
2,0.0117850296175105
3,0.0150271127048566
4,0.0163390000365321
5,0.0130765339016416
6,0.0135645613931527
7,0.0143277850251625
8,0.0144698971905675
9,0.0125933071882156
10,0.0155546208421717
