Particle_Number,Dose
0,0.0134667178129692
1,0.0179246263985083
2,0.0151179801376445
3,0.0149065534820124
4,0.0114008888775227
5,0.011614957618745
6,0.0120118710794286
7,0.0127121533391639
8,0.0158089528404423
9,0.0115121984790428
10,0.0142236837034368
