Particle_Number,Dose
0,0.0138308368813841
1,0.0123005895481559
2,0.0131254071431676
3,0.0153828334227485
4,0.0098815327192753
5,0.0141274794397911
6,0.0175312620304599
7,0.0137040644237887
8,0.0127615665549352
9,0.0144211762507968
10,0.0140199821055031
