Particle_Number,Dose
0,0.0027852052045496
1,0.0029280278276404
2,0.0023340785884803
3,0.0025805945206852
4,0.0032262840788778
5,0.0027364445326021
6,0.0028611664384287
7,0.0026756208334489
8,0.0022657077300894
9,0.0026217215816809
10,0.0029134302694427
