Particle_Number,Dose
0,0.0028956218282472
1,0.0021802035098672
2,0.0028003340161791
3,0.0023616407804563
4,0.0023383996497193
5,0.0025806579396166
6,0.0026681944261264
7,0.0024848359626174
8,0.0021059030004828
9,0.0028520775099906
10,0.0026937105633637
