Particle_Number,Dose
0,0.002600755686961
1,0.0024709170062632
2,0.0025782439666774
3,0.0027715109616449
4,0.0025835245251195
5,0.0027058513081549
6,0.0025292089193122
7,0.0018498649508902
8,0.0025453846996488
9,0.003040436910416
10,0.0021566393863615
