Particle_Number,Dose
0,0.002056977566188
1,0.0022454191282451
2,0.0025732657674054
3,0.0023594069566711
4,0.0021527162864665
5,0.0022248708006829
6,0.0023848987945933
7,0.0022722181009721
8,0.0022728688713287
9,0.0024264153097231
10,0.0019667119135608
