Particle_Number,Dose
0,0.0021053669284938
1,0.0017994988794371
2,0.0021697623827431
3,0.0021727327296048
4,0.0022606007587178
5,0.0020033770213434
6,0.0020045992673367
7,0.0021374629549295
8,0.0021302658238524
9,0.0018433314194439
10,0.0021054211469365
