Particle_Number,Dose
0,0.002044523377301
1,0.0020678698969991
2,0.0020597400242866
3,0.001726391467266
4,0.0022664094944406
5,0.0013312689557504
6,0.0017115858408512
7,0.0017164697164033
8,0.0020168952908975
9,0.0020095602918727
10,0.0020592280359073
