Particle_Number,Dose
0,0.0018877243748185
1,0.001856913680156
2,0.0016760879945782
3,0.0022568782673103
4,0.0021219347628997
5,0.0020169105328274
6,0.0019611862876902
7,0.0020541959389515
8,0.0021238260454153
9,0.0024069275969631
10,0.0021729961444967
