Particle_Number,Dose
0,0.0019038586169065
1,0.0021712484945879
2,0.0020911020909886
3,0.0018484516721816
4,0.0023243307060992
5,0.002186121009146
6,0.0023825672710456
7,0.0020701866349151
8,0.0021305849806859
9,0.0018018821130001
10,0.0021672740288114
