Particle_Number,Dose
0,0.0018699315202828
1,0.0021676993383611
2,0.0021756612695021
3,0.0020505473059251
4,0.0020543328672478
5,0.0017713133475825
6,0.001931983633696
7,0.0022111490950564
8,0.0020590825886587
9,0.0021552340777211
10,0.0019699791810054
