Particle_Number,Dose
0,0.0019139173876498
1,0.0021126620277128
2,0.0018201951619386
3,0.0021347030099321
4,0.002099219748593
5,0.002316276930532
6,0.0024851895601978
7,0.00234298398125
8,0.0020920721271457
9,0.0021914787269207
10,0.0018027190375613
