Particle_Number,Dose
0,0.0152101720868578
1,0.0130809286597197
2,0.0138127906484332
3,0.0144923593953823
4,0.0169170976445325
5,0.01690727485509
6,0.0175614263841678
7,0.0158278395511619
8,0.0180014614424189
9,0.0153690090219827
10,0.0127126990107934
