Particle_Number,Dose
0,0.0120097144291868
1,0.0136646246406493
2,0.0155047553050061
3,0.0120929301471711
4,0.0105668949562815
5,0.016747188050471
6,0.0134371967096838
7,0.0105271052762307
8,0.016959469988501
9,0.0103255920178848
10,0.0080652665284354
