Particle_Number,Dose
0,0.0132346098016884
1,0.0094116003818855
2,0.0115233362050057
3,0.0149728840684942
4,0.0153677328241553
5,0.0124360797230736
6,0.0131187099212219
7,0.0168082353632192
8,0.0148205251210691
9,0.0095000996405013
10,0.0132373120530243
