Particle_Number,Dose
0,0.0137707197603547
1,0.0141697905701388
2,0.0136937364584581
3,0.0149586055039041
4,0.0158107726310141
5,0.0131044371585844
6,0.0137805796236362
7,0.0121327830602521
8,0.0160713107233601
9,0.014063974400588
10,0.0133420016165398
