Particle_Number,Dose
0,0.0131321360456181
1,0.0103770372796971
2,0.01320417255478
3,0.0139235751542623
4,0.0129874795635085
5,0.0131507982051133
6,0.0128460897592293
7,0.0126681691146516
8,0.0140868290278458
9,0.0118923815320303
10,0.0144740086438474
