Particle_Number,Dose
0,0.0020055709733067
1,0.0020358312282721
2,0.0019165607409824
3,0.001853212889075
4,0.0020098772082412
5,0.0018304366013447
6,0.0024434245098014
7,0.0021608620593453
8,0.0024612778982657
9,0.0022947736218834
10,0.0019335485620888
