Particle_Number,Dose
0,0.0019054144524106
1,0.0020815513930398
2,0.0023530605090176
3,0.0022304344876125
4,0.0023848986238175
5,0.002039896393242
6,0.0018685555739889
7,0.0019896768509594
8,0.002199059557634
9,0.0022106224466477
10,0.0019862224361335
