Particle_Number,Dose
0,0.0021365293241444
1,0.0022812450196871
2,0.0023207021964353
3,0.0022953033796431
4,0.0019166911475865
5,0.0020221184447837
6,0.0023037301709751
7,0.0019957589230668
8,0.0020269156279695
9,0.0023007880250284
10,0.0024388231646938
