Particle_Number,Dose
0,0.0020182248161161
1,0.0019671027971472
2,0.0020954497158412
3,0.0018872825540507
4,0.0020979364483752
5,0.00218258448144
6,0.0019437961357214
7,0.0018052108087094
8,0.0022803664671972
9,0.0018746133699182
10,0.0015983073074991
