Particle_Number,Dose
0,0.0021722244930081
1,0.0024320626271323
2,0.002131265550221
3,0.0019201713636595
4,0.002120228627606
5,0.0018672187636392
6,0.0019804077414254
7,0.0022496140522037
8,0.0021466292223752
9,0.0017962303991842
10,0.0022553345060865
