Particle_Number,Dose
0,0.0021801202929633
1,0.0024241892468022
2,0.0018366934065128
3,0.0026208541137873
4,0.0019848301691142
5,0.0023488195628681
6,0.0025651621733319
7,0.002303172623111
8,0.0020702075062533
9,0.0027376992201309
10,0.0018765477243501
