Particle_Number,Dose
0,0.0024741858128056
1,0.0018741288221017
2,0.002036024669209
3,0.002594409676328
4,0.0027998679788648
5,0.0021143043211463
6,0.0022643540144524
7,0.0028664337254298
8,0.0029878513608277
9,0.0020514330482587
10,0.0020285745290285
