Particle_Number,Dose
0,0.0028452928723206
1,0.0018926344147434
2,0.0021374360527359
3,0.0018912944573686
4,0.0026955536547267
5,0.0020631408357821
6,0.0021382884810056
7,0.0024714320374394
8,0.0018093431094779
9,0.0017511139236367
10,0.0023930944616344
