Particle_Number,Dose
0,0.0024121448208604
1,0.0028404354240783
2,0.0023434803131151
3,0.001993078298069
4,0.0026401134356505
5,0.0017219606492385
6,0.0023220829001135
7,0.00173529242301
8,0.0024685721970893
9,0.0021070989953246
10,0.0024831884849319
