Particle_Number,Dose
0,0.0022047664072179
1,0.0020738541010192
2,0.0021763860030974
3,0.0017827121223986
4,0.0016924691828699
5,0.0022563013959266
6,0.002811276594291
7,0.0017180981745702
8,0.0020616219814497
9,0.0023024056383284
10,0.0019765581051303
