Particle_Number,Dose
0,0.0015149227158627
1,0.0021722170966872
2,0.0023637539235145
3,0.0021409469514014
4,0.0022147070525265
5,0.0023011497625501
6,0.0024730810855836
7,0.0022928479541584
8,0.0018579054729611
9,0.0020321680111115
10,0.0025804611923429
