Particle_Number,Dose
0,0.0016245626911489
1,0.0023033008493064
2,0.0020031006577796
3,0.0024548046834637
4,0.0020103745111058
5,0.0019182346271294
6,0.001927335951524
7,0.0017689616895656
8,0.0026238147113478
9,0.0022020579765115
10,0.0018999184308579
