Particle_Number,Dose
0,0.0019276349998502
1,0.0022449019685676
2,0.0017542893699681
3,0.0018102473799292
4,0.0019300919787619
5,0.0013865896156866
6,0.001955189994776
7,0.0016897541063624
8,0.0013660970426005
9,0.0016999240699324
10,0.0013282093502333
