Particle_Number,Dose
0,0.0023786208852301
1,0.0018683207437812
2,0.0020781933096894
3,0.0014778115584709
4,0.0019684966873392
5,0.0018129176975717
6,0.0019764529381141
7,0.002075409280262
8,0.0016098541083995
9,0.0016706268842003
10,0.001739232415936
