Particle_Number,Dose
0,0.0190459489822387
1,0.0190459489822387
2,0.0190459489822387
3,0.0190459489822387
4,0.0190459489822387
5,0.0190459489822387
6,0.0190459489822387
7,0.0190459489822387
8,0.0190362259745597
9,0.0190459489822387
10,0.0190459489822387
