Particle_Number,Dose
0,0.2472496032714844
1,0.2472122460603714
2,0.2472551167011261
3,0.247237965464592
4,0.2472303360700607
5,0.2472354769706726
6,0.247233122587204
7,0.2472442239522934
8,0.2472379505634308
9,0.2472448796033859
10,0.2472500801086426
