Particle_Number,Dose
0,0.2282305657863617
1,0.2282118946313858
2,0.2281367778778076
3,0.2282219529151917
4,0.2282276302576065
5,0.2282098233699799
6,0.2282219231128693
7,0.2282117009162903
8,0.2282158583402634
9,0.228211909532547
10,0.2281931936740875
