Particle_Number,Dose
0,0.2662699222564697
1,0.2662544548511505
2,0.2662519812583923
3,0.2662596702575684
4,0.2662691175937653
5,0.2662599384784698
6,0.2662797272205353
7,0.2662608921527863
8,0.2662848830223083
9,0.2662601470947266
10,0.2662653625011444
